location,location_adj,COU,Country,MAREG,Macroregion,MIREG,Microregion,VAR,Variable,YEA,Year,Unit Code,Unit,PowerCode Code,PowerCode,Reference Period Code,Reference Period,Air_Pm2.5,Flag Codes,Flags
Australia,Australia,AUS,Australia,TOTAL,-Total-,TOTAL,-Total-,PWM_EX,Mean population exposure to PM2.5,2017,2017,MICRO_M3,Micrograms per cubic metre,0,Units,,,8.52437,,
Austria,Austria,AUT,Austria,TOTAL,-Total-,TOTAL,-Total-,PWM_EX,Mean population exposure to PM2.5,2017,2017,MICRO_M3,Micrograms per cubic metre,0,Units,,,12.68774,,
Belgium,Belgium,BEL,Belgium,TOTAL,-Total-,TOTAL,-Total-,PWM_EX,Mean population exposure to PM2.5,2017,2017,MICRO_M3,Micrograms per cubic metre,0,Units,,,13.09935,,
Canada,Canada,CAN,Canada,TOTAL,-Total-,TOTAL,-Total-,PWM_EX,Mean population exposure to PM2.5,2017,2017,MICRO_M3,Micrograms per cubic metre,0,Units,,,6.45931,,
Czech Republic,Czechia,CZE,Czech Republic,TOTAL,-Total-,TOTAL,-Total-,PWM_EX,Mean population exposure to PM2.5,2017,2017,MICRO_M3,Micrograms per cubic metre,0,Units,,,16.21481,,
Denmark,Denmark,DNK,Denmark,TOTAL,-Total-,TOTAL,-Total-,PWM_EX,Mean population exposure to PM2.5,2017,2017,MICRO_M3,Micrograms per cubic metre,0,Units,,,10.35431,,
Finland,Finland,FIN,Finland,TOTAL,-Total-,TOTAL,-Total-,PWM_EX,Mean population exposure to PM2.5,2017,2017,MICRO_M3,Micrograms per cubic metre,0,Units,,,5.90603,,
France,France,FRA,France,TOTAL,-Total-,TOTAL,-Total-,PWM_EX,Mean population exposure to PM2.5,2017,2017,MICRO_M3,Micrograms per cubic metre,0,Units,,,11.95962,,
Germany,Germany,DEU,Germany,TOTAL,-Total-,TOTAL,-Total-,PWM_EX,Mean population exposure to PM2.5,2017,2017,MICRO_M3,Micrograms per cubic metre,0,Units,,,12.08939,,
Greece,Greece,GRC,Greece,TOTAL,-Total-,TOTAL,-Total-,PWM_EX,Mean population exposure to PM2.5,2017,2017,MICRO_M3,Micrograms per cubic metre,0,Units,,,16.47663,,
Hungary,Hungary,HUN,Hungary,TOTAL,-Total-,TOTAL,-Total-,PWM_EX,Mean population exposure to PM2.5,2017,2017,MICRO_M3,Micrograms per cubic metre,0,Units,,,16.08462,,
Iceland,Iceland,ISL,Iceland,TOTAL,-Total-,TOTAL,-Total-,PWM_EX,Mean population exposure to PM2.5,2017,2017,MICRO_M3,Micrograms per cubic metre,0,Units,,,6.78283,,
Ireland,Ireland,IRL,Ireland,TOTAL,-Total-,TOTAL,-Total-,PWM_EX,Mean population exposure to PM2.5,2017,2017,MICRO_M3,Micrograms per cubic metre,0,Units,,,8.27177,,
Italy,Italy,ITA,Italy,TOTAL,-Total-,TOTAL,-Total-,PWM_EX,Mean population exposure to PM2.5,2017,2017,MICRO_M3,Micrograms per cubic metre,0,Units,,,16.4971,,
Japan,Japan,JPN,Japan,TOTAL,-Total-,TOTAL,-Total-,PWM_EX,Mean population exposure to PM2.5,2017,2017,MICRO_M3,Micrograms per cubic metre,0,Units,,,11.86181,,
South Korea,"Korea, South",KOR,Korea,TOTAL,-Total-,TOTAL,-Total-,PWM_EX,Mean population exposure to PM2.5,2017,2017,MICRO_M3,Micrograms per cubic metre,0,Units,,,25.13889,,
Luxembourg,Luxembourg,LUX,Luxembourg,TOTAL,-Total-,TOTAL,-Total-,PWM_EX,Mean population exposure to PM2.5,2017,2017,MICRO_M3,Micrograms per cubic metre,0,Units,,,10.17904,,
Mexico,Mexico,MEX,Mexico,TOTAL,-Total-,TOTAL,-Total-,PWM_EX,Mean population exposure to PM2.5,2017,2017,MICRO_M3,Micrograms per cubic metre,0,Units,,,21.23615,,
Netherlands,Netherlands,NLD,Netherlands,TOTAL,-Total-,TOTAL,-Total-,PWM_EX,Mean population exposure to PM2.5,2017,2017,MICRO_M3,Micrograms per cubic metre,0,Units,,,12.086,,
New Zealand,New Zealand,NZL,New Zealand,TOTAL,-Total-,TOTAL,-Total-,PWM_EX,Mean population exposure to PM2.5,2017,2017,MICRO_M3,Micrograms per cubic metre,0,Units,,,5.99181,,
Norway,Norway,NOR,Norway,TOTAL,-Total-,TOTAL,-Total-,PWM_EX,Mean population exposure to PM2.5,2017,2017,MICRO_M3,Micrograms per cubic metre,0,Units,,,7.0458,,
Poland,Poland,POL,Poland,TOTAL,-Total-,TOTAL,-Total-,PWM_EX,Mean population exposure to PM2.5,2017,2017,MICRO_M3,Micrograms per cubic metre,0,Units,,,20.94327,,
Portugal,Portugal,PRT,Portugal,TOTAL,-Total-,TOTAL,-Total-,PWM_EX,Mean population exposure to PM2.5,2017,2017,MICRO_M3,Micrograms per cubic metre,0,Units,,,8.12088,,
Slovak Republic,Slovak Republic,SVK,Slovak Republic,TOTAL,-Total-,TOTAL,-Total-,PWM_EX,Mean population exposure to PM2.5,2017,2017,MICRO_M3,Micrograms per cubic metre,0,Units,,,17.93355,,
Spain,Spain,ESP,Spain,TOTAL,-Total-,TOTAL,-Total-,PWM_EX,Mean population exposure to PM2.5,2017,2017,MICRO_M3,Micrograms per cubic metre,0,Units,,,9.91419,,
Sweden,Sweden,SWE,Sweden,TOTAL,-Total-,TOTAL,-Total-,PWM_EX,Mean population exposure to PM2.5,2017,2017,MICRO_M3,Micrograms per cubic metre,0,Units,,,6.13443,,
Switzerland,Switzerland,CHE,Switzerland,TOTAL,-Total-,TOTAL,-Total-,PWM_EX,Mean population exposure to PM2.5,2017,2017,MICRO_M3,Micrograms per cubic metre,0,Units,,,10.44407,,
United Kingdom,United Kingdom,GBR,United Kingdom,TOTAL,-Total-,TOTAL,-Total-,PWM_EX,Mean population exposure to PM2.5,2017,2017,MICRO_M3,Micrograms per cubic metre,0,Units,,,10.44482,,
US,US,USA,United States,TOTAL,-Total-,TOTAL,-Total-,PWM_EX,Mean population exposure to PM2.5,2017,2017,MICRO_M3,Micrograms per cubic metre,0,Units,,,7.36365,,
G7,G7,G7M,G7,TOTAL,-Total-,TOTAL,-Total-,PWM_EX,Mean population exposure to PM2.5,2017,2017,MICRO_M3,Micrograms per cubic metre,0,Units,,,10.04892,,
Afghanistan,Afghanistan,AFG,Afghanistan,TOTAL,-Total-,TOTAL,-Total-,PWM_EX,Mean population exposure to PM2.5,2017,2017,MICRO_M3,Micrograms per cubic metre,0,Units,,,57.96859,,
Albania,Albania,ALB,Albania,TOTAL,-Total-,TOTAL,-Total-,PWM_EX,Mean population exposure to PM2.5,2017,2017,MICRO_M3,Micrograms per cubic metre,0,Units,,,18.59367,,
Algeria,Algeria,DZA,Algeria,TOTAL,-Total-,TOTAL,-Total-,PWM_EX,Mean population exposure to PM2.5,2017,2017,MICRO_M3,Micrograms per cubic metre,0,Units,,,39.40822,,
Andorra,Andorra,AND,Andorra,TOTAL,-Total-,TOTAL,-Total-,PWM_EX,Mean population exposure to PM2.5,2017,2017,MICRO_M3,Micrograms per cubic metre,0,Units,,,12.51611,,
Angola,Angola,AGO,Angola,TOTAL,-Total-,TOTAL,-Total-,PWM_EX,Mean population exposure to PM2.5,2017,2017,MICRO_M3,Micrograms per cubic metre,0,Units,,,32.5582,,
Antigua and Barbuda,Antigua and Barbuda,ATG,Antigua and Barbuda,TOTAL,-Total-,TOTAL,-Total-,PWM_EX,Mean population exposure to PM2.5,2017,2017,MICRO_M3,Micrograms per cubic metre,0,Units,,,18.93646,,
Argentina,Argentina,ARG,Argentina,TOTAL,-Total-,TOTAL,-Total-,PWM_EX,Mean population exposure to PM2.5,2017,2017,MICRO_M3,Micrograms per cubic metre,0,Units,,,14.23482,,
Armenia,Armenia,ARM,Armenia,TOTAL,-Total-,TOTAL,-Total-,PWM_EX,Mean population exposure to PM2.5,2017,2017,MICRO_M3,Micrograms per cubic metre,0,Units,,,32.63979,,
Azerbaijan,Azerbaijan,AZE,Azerbaijan,TOTAL,-Total-,TOTAL,-Total-,PWM_EX,Mean population exposure to PM2.5,2017,2017,MICRO_M3,Micrograms per cubic metre,0,Units,,,20.7103,,
Bahamas,Bahamas,BHS,Bahamas,TOTAL,-Total-,TOTAL,-Total-,PWM_EX,Mean population exposure to PM2.5,2017,2017,MICRO_M3,Micrograms per cubic metre,0,Units,,,17.7732,,
Bahrain,Bahrain,BHR,Bahrain,TOTAL,-Total-,TOTAL,-Total-,PWM_EX,Mean population exposure to PM2.5,2017,2017,MICRO_M3,Micrograms per cubic metre,0,Units,,,69.88265,,
Bangladesh,Bangladesh,BGD,Bangladesh,TOTAL,-Total-,TOTAL,-Total-,PWM_EX,Mean population exposure to PM2.5,2017,2017,MICRO_M3,Micrograms per cubic metre,0,Units,,,60.5818,,
Barbados,Barbados,BRB,Barbados,TOTAL,-Total-,TOTAL,-Total-,PWM_EX,Mean population exposure to PM2.5,2017,2017,MICRO_M3,Micrograms per cubic metre,0,Units,,,23.13993,,
Belarus,Belarus,BLR,Belarus,TOTAL,-Total-,TOTAL,-Total-,PWM_EX,Mean population exposure to PM2.5,2017,2017,MICRO_M3,Micrograms per cubic metre,0,Units,,,19.04726,,
Belize,Belize,BLZ,Belize,TOTAL,-Total-,TOTAL,-Total-,PWM_EX,Mean population exposure to PM2.5,2017,2017,MICRO_M3,Micrograms per cubic metre,0,Units,,,22.49903,,
Benin,Benin,BEN,Benin,TOTAL,-Total-,TOTAL,-Total-,PWM_EX,Mean population exposure to PM2.5,2017,2017,MICRO_M3,Micrograms per cubic metre,0,Units,,,39.74976,,
Bhutan,Bhutan,BTN,Bhutan,TOTAL,-Total-,TOTAL,-Total-,PWM_EX,Mean population exposure to PM2.5,2017,2017,MICRO_M3,Micrograms per cubic metre,0,Units,,,33.95557,,
Bolivia,Bolivia,BOL,Bolivia,TOTAL,-Total-,TOTAL,-Total-,PWM_EX,Mean population exposure to PM2.5,2017,2017,MICRO_M3,Micrograms per cubic metre,0,Units,,,22.23571,,
Bosnia and Herzegovina,Bosnia and Herzegovina,BIH,Bosnia and Herzegovina,TOTAL,-Total-,TOTAL,-Total-,PWM_EX,Mean population exposure to PM2.5,2017,2017,MICRO_M3,Micrograms per cubic metre,0,Units,,,28.6026,,
Botswana,Botswana,BWA,Botswana,TOTAL,-Total-,TOTAL,-Total-,PWM_EX,Mean population exposure to PM2.5,2017,2017,MICRO_M3,Micrograms per cubic metre,0,Units,,,23.67802,,
Brazil,Brazil,BRA,Brazil,TOTAL,-Total-,TOTAL,-Total-,PWM_EX,Mean population exposure to PM2.5,2017,2017,MICRO_M3,Micrograms per cubic metre,0,Units,,,12.82884,,
Brunei Darussalam,Brunei Darussalam,BRN,Brunei Darussalam,TOTAL,-Total-,TOTAL,-Total-,PWM_EX,Mean population exposure to PM2.5,2017,2017,MICRO_M3,Micrograms per cubic metre,0,Units,,,5.75702,,
Bulgaria,Bulgaria,BGR,Bulgaria,TOTAL,-Total-,TOTAL,-Total-,PWM_EX,Mean population exposure to PM2.5,2017,2017,MICRO_M3,Micrograms per cubic metre,0,Units,,,20.28975,,
Burkina Faso,Burkina Faso,BFA,Burkina Faso,TOTAL,-Total-,TOTAL,-Total-,PWM_EX,Mean population exposure to PM2.5,2017,2017,MICRO_M3,Micrograms per cubic metre,0,Units,,,43.92465,,
Burundi,Burundi,BDI,Burundi,TOTAL,-Total-,TOTAL,-Total-,PWM_EX,Mean population exposure to PM2.5,2017,2017,MICRO_M3,Micrograms per cubic metre,0,Units,,,39.00327,,
Cambodia,Cambodia,KHM,Cambodia,TOTAL,-Total-,TOTAL,-Total-,PWM_EX,Mean population exposure to PM2.5,2017,2017,MICRO_M3,Micrograms per cubic metre,0,Units,,,25.53915,,
Cameroon,Cameroon,CMR,Cameroon,TOTAL,-Total-,TOTAL,-Total-,PWM_EX,Mean population exposure to PM2.5,2017,2017,MICRO_M3,Micrograms per cubic metre,0,Units,,,74.93486,,
Cabo Verde,Cabo Verde,CPV,Cabo Verde,TOTAL,-Total-,TOTAL,-Total-,PWM_EX,Mean population exposure to PM2.5,2017,2017,MICRO_M3,Micrograms per cubic metre,0,Units,,,33.70109,,
Central African Republic,Central African Republic,CAF,Central African Republic,TOTAL,-Total-,TOTAL,-Total-,PWM_EX,Mean population exposure to PM2.5,2017,2017,MICRO_M3,Micrograms per cubic metre,0,Units,,,57.22223,,
Chad,Chad,TCD,Chad,TOTAL,-Total-,TOTAL,-Total-,PWM_EX,Mean population exposure to PM2.5,2017,2017,MICRO_M3,Micrograms per cubic metre,0,Units,,,66.25741,,
Chile,Chile,CHL,Chile,TOTAL,-Total-,TOTAL,-Total-,PWM_EX,Mean population exposure to PM2.5,2017,2017,MICRO_M3,Micrograms per cubic metre,0,Units,,,22.13709,,
China (People's Republic of),China (People's Republic of),CHN,China (People's Republic of),TOTAL,-Total-,TOTAL,-Total-,PWM_EX,Mean population exposure to PM2.5,2017,2017,MICRO_M3,Micrograms per cubic metre,0,Units,,,53.45372,,
Colombia,Colombia,COL,Colombia,TOTAL,-Total-,TOTAL,-Total-,PWM_EX,Mean population exposure to PM2.5,2017,2017,MICRO_M3,Micrograms per cubic metre,0,Units,,,16.91747,,
Comoros,Comoros,COM,Comoros,TOTAL,-Total-,TOTAL,-Total-,PWM_EX,Mean population exposure to PM2.5,2017,2017,MICRO_M3,Micrograms per cubic metre,0,Units,,,20.29387,,
Congo,Congo,COG,Congo,TOTAL,-Total-,TOTAL,-Total-,PWM_EX,Mean population exposure to PM2.5,2017,2017,MICRO_M3,Micrograms per cubic metre,0,Units,,,47.43886,,
Costa Rica,Costa Rica,CRI,Costa Rica,TOTAL,-Total-,TOTAL,-Total-,PWM_EX,Mean population exposure to PM2.5,2017,2017,MICRO_M3,Micrograms per cubic metre,0,Units,,,15.85286,,
Côte d'Ivoire,Côte d'Ivoire,CIV,Côte d'Ivoire,TOTAL,-Total-,TOTAL,-Total-,PWM_EX,Mean population exposure to PM2.5,2017,2017,MICRO_M3,Micrograms per cubic metre,0,Units,,,26.46771,,
Croatia,Croatia,HRV,Croatia,TOTAL,-Total-,TOTAL,-Total-,PWM_EX,Mean population exposure to PM2.5,2017,2017,MICRO_M3,Micrograms per cubic metre,0,Units,,,17.72149,,
Cuba,Cuba,CUB,Cuba,TOTAL,-Total-,TOTAL,-Total-,PWM_EX,Mean population exposure to PM2.5,2017,2017,MICRO_M3,Micrograms per cubic metre,0,Units,,,19.63593,,
North Korea,North Korea,PRK,Democratic People's Republic of Korea,TOTAL,-Total-,TOTAL,-Total-,PWM_EX,Mean population exposure to PM2.5,2017,2017,MICRO_M3,Micrograms per cubic metre,0,Units,,,32.42833,,
Democratic Republic of the Congo,Democratic Republic of the Congo,COD,Democratic Republic of the Congo,TOTAL,-Total-,TOTAL,-Total-,PWM_EX,Mean population exposure to PM2.5,2017,2017,MICRO_M3,Micrograms per cubic metre,0,Units,,,44.31301,,
Djibouti,Djibouti,DJI,Djibouti,TOTAL,-Total-,TOTAL,-Total-,PWM_EX,Mean population exposure to PM2.5,2017,2017,MICRO_M3,Micrograms per cubic metre,0,Units,,,47.09866,,
Dominica,Dominica,DMA,Dominica,TOTAL,-Total-,TOTAL,-Total-,PWM_EX,Mean population exposure to PM2.5,2017,2017,MICRO_M3,Micrograms per cubic metre,0,Units,,,19.23952,,
Dominican Republic,Dominican Republic,DOM,Dominican Republic,TOTAL,-Total-,TOTAL,-Total-,PWM_EX,Mean population exposure to PM2.5,2017,2017,MICRO_M3,Micrograms per cubic metre,0,Units,,,14.02285,,
Ecuador,Ecuador,ECU,Ecuador,TOTAL,-Total-,TOTAL,-Total-,PWM_EX,Mean population exposure to PM2.5,2017,2017,MICRO_M3,Micrograms per cubic metre,0,Units,,,15.85361,,
Egypt,Egypt,EGY,Egypt,TOTAL,-Total-,TOTAL,-Total-,PWM_EX,Mean population exposure to PM2.5,2017,2017,MICRO_M3,Micrograms per cubic metre,0,Units,,,86.60764,,
El Salvador,El Salvador,SLV,El Salvador,TOTAL,-Total-,TOTAL,-Total-,PWM_EX,Mean population exposure to PM2.5,2017,2017,MICRO_M3,Micrograms per cubic metre,0,Units,,,24.90166,,
Equatorial Guinea,Equatorial Guinea,GNQ,Equatorial Guinea,TOTAL,-Total-,TOTAL,-Total-,PWM_EX,Mean population exposure to PM2.5,2017,2017,MICRO_M3,Micrograms per cubic metre,0,Units,,,55.62151,,
Eritrea,Eritrea,ERI,Eritrea,TOTAL,-Total-,TOTAL,-Total-,PWM_EX,Mean population exposure to PM2.5,2017,2017,MICRO_M3,Micrograms per cubic metre,0,Units,,,48.91276,,
Estonia,Estonia,EST,Estonia,TOTAL,-Total-,TOTAL,-Total-,PWM_EX,Mean population exposure to PM2.5,2017,2017,MICRO_M3,Micrograms per cubic metre,0,Units,,,6.84199,,
Ethiopia,Ethiopia,ETH,Ethiopia,TOTAL,-Total-,TOTAL,-Total-,PWM_EX,Mean population exposure to PM2.5,2017,2017,MICRO_M3,Micrograms per cubic metre,0,Units,,,38.78116,,
Fiji,Fiji,FJI,Fiji,TOTAL,-Total-,TOTAL,-Total-,PWM_EX,Mean population exposure to PM2.5,2017,2017,MICRO_M3,Micrograms per cubic metre,0,Units,,,10.70372,,
Gabon,Gabon,GAB,Gabon,TOTAL,-Total-,TOTAL,-Total-,PWM_EX,Mean population exposure to PM2.5,2017,2017,MICRO_M3,Micrograms per cubic metre,0,Units,,,45.75431,,
Gambia,Gambia,GMB,Gambia,TOTAL,-Total-,TOTAL,-Total-,PWM_EX,Mean population exposure to PM2.5,2017,2017,MICRO_M3,Micrograms per cubic metre,0,Units,,,34.20643,,
Georgia,Georgia,GEO,Georgia,TOTAL,-Total-,TOTAL,-Total-,PWM_EX,Mean population exposure to PM2.5,2017,2017,MICRO_M3,Micrograms per cubic metre,0,Units,,,22.15483,,
Ghana,Ghana,GHA,Ghana,TOTAL,-Total-,TOTAL,-Total-,PWM_EX,Mean population exposure to PM2.5,2017,2017,MICRO_M3,Micrograms per cubic metre,0,Units,,,35.07234,,
Grenada,Grenada,GRD,Grenada,TOTAL,-Total-,TOTAL,-Total-,PWM_EX,Mean population exposure to PM2.5,2017,2017,MICRO_M3,Micrograms per cubic metre,0,Units,,,23.06073,,
Guatemala,Guatemala,GTM,Guatemala,TOTAL,-Total-,TOTAL,-Total-,PWM_EX,Mean population exposure to PM2.5,2017,2017,MICRO_M3,Micrograms per cubic metre,0,Units,,,23.97105,,
Guinea,Guinea,GIN,Guinea,TOTAL,-Total-,TOTAL,-Total-,PWM_EX,Mean population exposure to PM2.5,2017,2017,MICRO_M3,Micrograms per cubic metre,0,Units,,,24.81071,,
Guinea-Bissau,Guinea-Bissau,GNB,Guinea-Bissau,TOTAL,-Total-,TOTAL,-Total-,PWM_EX,Mean population exposure to PM2.5,2017,2017,MICRO_M3,Micrograms per cubic metre,0,Units,,,29.96029,,
Guyana,Guyana,GUY,Guyana,TOTAL,-Total-,TOTAL,-Total-,PWM_EX,Mean population exposure to PM2.5,2017,2017,MICRO_M3,Micrograms per cubic metre,0,Units,,,22.82275,,
Haiti,Haiti,HTI,Haiti,TOTAL,-Total-,TOTAL,-Total-,PWM_EX,Mean population exposure to PM2.5,2017,2017,MICRO_M3,Micrograms per cubic metre,0,Units,,,15.84877,,
Honduras,Honduras,HND,Honduras,TOTAL,-Total-,TOTAL,-Total-,PWM_EX,Mean population exposure to PM2.5,2017,2017,MICRO_M3,Micrograms per cubic metre,0,Units,,,21.08948,,
India,India,IND,India,TOTAL,-Total-,TOTAL,-Total-,PWM_EX,Mean population exposure to PM2.5,2017,2017,MICRO_M3,Micrograms per cubic metre,0,Units,,,90.2457,,
Indonesia,Indonesia,IDN,Indonesia,TOTAL,-Total-,TOTAL,-Total-,PWM_EX,Mean population exposure to PM2.5,2017,2017,MICRO_M3,Micrograms per cubic metre,0,Units,,,16.70816,,
Iraq,Iraq,IRQ,Iraq,TOTAL,-Total-,TOTAL,-Total-,PWM_EX,Mean population exposure to PM2.5,2017,2017,MICRO_M3,Micrograms per cubic metre,0,Units,,,62.50039,,
Israel,Israel,ISR,Israel,TOTAL,-Total-,TOTAL,-Total-,PWM_EX,Mean population exposure to PM2.5,2017,2017,MICRO_M3,Micrograms per cubic metre,0,Units,,,20.8113,,
Jamaica,Jamaica,JAM,Jamaica,TOTAL,-Total-,TOTAL,-Total-,PWM_EX,Mean population exposure to PM2.5,2017,2017,MICRO_M3,Micrograms per cubic metre,0,Units,,,14.14669,,
Jordan,Jordan,JOR,Jordan,TOTAL,-Total-,TOTAL,-Total-,PWM_EX,Mean population exposure to PM2.5,2017,2017,MICRO_M3,Micrograms per cubic metre,0,Units,,,32.75142,,
Kazakhstan,Kazakhstan,KAZ,Kazakhstan,TOTAL,-Total-,TOTAL,-Total-,PWM_EX,Mean population exposure to PM2.5,2017,2017,MICRO_M3,Micrograms per cubic metre,0,Units,,,13.96957,,
Kenya,Kenya,KEN,Kenya,TOTAL,-Total-,TOTAL,-Total-,PWM_EX,Mean population exposure to PM2.5,2017,2017,MICRO_M3,Micrograms per cubic metre,0,Units,,,28.26605,,
Kuwait,Kuwait,KWT,Kuwait,TOTAL,-Total-,TOTAL,-Total-,PWM_EX,Mean population exposure to PM2.5,2017,2017,MICRO_M3,Micrograms per cubic metre,0,Units,,,60.44517,,
Kyrgyzstan,Kyrgyzstan,KGZ,Kyrgyzstan,TOTAL,-Total-,TOTAL,-Total-,PWM_EX,Mean population exposure to PM2.5,2017,2017,MICRO_M3,Micrograms per cubic metre,0,Units,,,22.93337,,
Lao People's Democratic Republic,Lao People's Democratic Republic,LAO,Lao People's Democratic Republic,TOTAL,-Total-,TOTAL,-Total-,PWM_EX,Mean population exposure to PM2.5,2017,2017,MICRO_M3,Micrograms per cubic metre,0,Units,,,25.69418,,
Latvia,Latvia,LVA,Latvia,TOTAL,-Total-,TOTAL,-Total-,PWM_EX,Mean population exposure to PM2.5,2017,2017,MICRO_M3,Micrograms per cubic metre,0,Units,,,14.10963,,
Lebanon,Lebanon,LBN,Lebanon,TOTAL,-Total-,TOTAL,-Total-,PWM_EX,Mean population exposure to PM2.5,2017,2017,MICRO_M3,Micrograms per cubic metre,0,Units,,,31.1494,,
Lesotho,Lesotho,LSO,Lesotho,TOTAL,-Total-,TOTAL,-Total-,PWM_EX,Mean population exposure to PM2.5,2017,2017,MICRO_M3,Micrograms per cubic metre,0,Units,,,28.14714,,
Liberia,Liberia,LBR,Liberia,TOTAL,-Total-,TOTAL,-Total-,PWM_EX,Mean population exposure to PM2.5,2017,2017,MICRO_M3,Micrograms per cubic metre,0,Units,,,17.66819,,
Libya,Libya,LBY,Libya,TOTAL,-Total-,TOTAL,-Total-,PWM_EX,Mean population exposure to PM2.5,2017,2017,MICRO_M3,Micrograms per cubic metre,0,Units,,,53.27054,,
Liechtenstein,Liechtenstein,LIE,Liechtenstein,TOTAL,-Total-,TOTAL,-Total-,PWM_EX,Mean population exposure to PM2.5,2017,2017,MICRO_M3,Micrograms per cubic metre,0,Units,,,15.30111,,
Lithuania,Lithuania,LTU,Lithuania,TOTAL,-Total-,TOTAL,-Total-,PWM_EX,Mean population exposure to PM2.5,2017,2017,MICRO_M3,Micrograms per cubic metre,0,Units,,,11.90224,,
North Macedonia,North Macedonia,MKD,North Macedonia,TOTAL,-Total-,TOTAL,-Total-,PWM_EX,Mean population exposure to PM2.5,2017,2017,MICRO_M3,Micrograms per cubic metre,0,Units,,,32.98315,,
Madagascar,Madagascar,MDG,Madagascar,TOTAL,-Total-,TOTAL,-Total-,PWM_EX,Mean population exposure to PM2.5,2017,2017,MICRO_M3,Micrograms per cubic metre,0,Units,,,22.39592,,
Malawi,Malawi,MWI,Malawi,TOTAL,-Total-,TOTAL,-Total-,PWM_EX,Mean population exposure to PM2.5,2017,2017,MICRO_M3,Micrograms per cubic metre,0,Units,,,23.50127,,
Malaysia,Malaysia,MYS,Malaysia,TOTAL,-Total-,TOTAL,-Total-,PWM_EX,Mean population exposure to PM2.5,2017,2017,MICRO_M3,Micrograms per cubic metre,0,Units,,,16.03565,,
Mali,Mali,MLI,Mali,TOTAL,-Total-,TOTAL,-Total-,PWM_EX,Mean population exposure to PM2.5,2017,2017,MICRO_M3,Micrograms per cubic metre,0,Units,,,39.4566,,
Malta,Malta,MLT,Malta,TOTAL,-Total-,TOTAL,-Total-,PWM_EX,Mean population exposure to PM2.5,2017,2017,MICRO_M3,Micrograms per cubic metre,0,Units,,,13.81512,,
Mauritania,Mauritania,MRT,Mauritania,TOTAL,-Total-,TOTAL,-Total-,PWM_EX,Mean population exposure to PM2.5,2017,2017,MICRO_M3,Micrograms per cubic metre,0,Units,,,47.0745,,
Mauritius,Mauritius,MUS,Mauritius,TOTAL,-Total-,TOTAL,-Total-,PWM_EX,Mean population exposure to PM2.5,2017,2017,MICRO_M3,Micrograms per cubic metre,0,Units,,,14.8634,,
Micronesia,Micronesia,FSM,Micronesia,TOTAL,-Total-,TOTAL,-Total-,PWM_EX,Mean population exposure to PM2.5,2017,2017,MICRO_M3,Micrograms per cubic metre,0,Units,,,11.1414,,
Moldova,Moldova,MDA,Moldova,TOTAL,-Total-,TOTAL,-Total-,PWM_EX,Mean population exposure to PM2.5,2017,2017,MICRO_M3,Micrograms per cubic metre,0,Units,,,16.57612,,
Mongolia,Mongolia,MNG,Mongolia,TOTAL,-Total-,TOTAL,-Total-,PWM_EX,Mean population exposure to PM2.5,2017,2017,MICRO_M3,Micrograms per cubic metre,0,Units,,,43.17646,,
Morocco,Morocco,MAR,Morocco,TOTAL,-Total-,TOTAL,-Total-,PWM_EX,Mean population exposure to PM2.5,2017,2017,MICRO_M3,Micrograms per cubic metre,0,Units,,,32.68699,,
Mozambique,Mozambique,MOZ,Mozambique,TOTAL,-Total-,TOTAL,-Total-,PWM_EX,Mean population exposure to PM2.5,2017,2017,MICRO_M3,Micrograms per cubic metre,0,Units,,,21.30045,,
Myanmar,Myanmar,MMR,Myanmar,TOTAL,-Total-,TOTAL,-Total-,PWM_EX,Mean population exposure to PM2.5,2017,2017,MICRO_M3,Micrograms per cubic metre,0,Units,,,36.39681,,
Namibia,Namibia,NAM,Namibia,TOTAL,-Total-,TOTAL,-Total-,PWM_EX,Mean population exposure to PM2.5,2017,2017,MICRO_M3,Micrograms per cubic metre,0,Units,,,25.48976,,
Nepal,Nepal,NPL,Nepal,TOTAL,-Total-,TOTAL,-Total-,PWM_EX,Mean population exposure to PM2.5,2017,2017,MICRO_M3,Micrograms per cubic metre,0,Units,,,99.88675,,
Nicaragua,Nicaragua,NIC,Nicaragua,TOTAL,-Total-,TOTAL,-Total-,PWM_EX,Mean population exposure to PM2.5,2017,2017,MICRO_M3,Micrograms per cubic metre,0,Units,,,17.93724,,
Niger,Niger,NER,Niger,TOTAL,-Total-,TOTAL,-Total-,PWM_EX,Mean population exposure to PM2.5,2017,2017,MICRO_M3,Micrograms per cubic metre,0,Units,,,94.11647,,
Nigeria,Nigeria,NGA,Nigeria,TOTAL,-Total-,TOTAL,-Total-,PWM_EX,Mean population exposure to PM2.5,2017,2017,MICRO_M3,Micrograms per cubic metre,0,Units,,,70.1165,,
Oman,Oman,OMN,Oman,TOTAL,-Total-,TOTAL,-Total-,PWM_EX,Mean population exposure to PM2.5,2017,2017,MICRO_M3,Micrograms per cubic metre,0,Units,,,41.69611,,
Pakistan,Pakistan,PAK,Pakistan,TOTAL,-Total-,TOTAL,-Total-,PWM_EX,Mean population exposure to PM2.5,2017,2017,MICRO_M3,Micrograms per cubic metre,0,Units,,,60.31662,,
Panama,Panama,PAN,Panama,TOTAL,-Total-,TOTAL,-Total-,PWM_EX,Mean population exposure to PM2.5,2017,2017,MICRO_M3,Micrograms per cubic metre,0,Units,,,11.45814,,
Papua New Guinea,Papua New Guinea,PNG,Papua New Guinea,TOTAL,-Total-,TOTAL,-Total-,PWM_EX,Mean population exposure to PM2.5,2017,2017,MICRO_M3,Micrograms per cubic metre,0,Units,,,12.41087,,
Paraguay,Paraguay,PRY,Paraguay,TOTAL,-Total-,TOTAL,-Total-,PWM_EX,Mean population exposure to PM2.5,2017,2017,MICRO_M3,Micrograms per cubic metre,0,Units,,,12.04507,,
Peru,Peru,PER,Peru,TOTAL,-Total-,TOTAL,-Total-,PWM_EX,Mean population exposure to PM2.5,2017,2017,MICRO_M3,Micrograms per cubic metre,0,Units,,,26.03583,,
Philippines,Philippines,PHL,Philippines,TOTAL,-Total-,TOTAL,-Total-,PWM_EX,Mean population exposure to PM2.5,2017,2017,MICRO_M3,Micrograms per cubic metre,0,Units,,,18.17468,,
Qatar,Qatar,QAT,Qatar,TOTAL,-Total-,TOTAL,-Total-,PWM_EX,Mean population exposure to PM2.5,2017,2017,MICRO_M3,Micrograms per cubic metre,0,Units,,,89.72286,,
Romania,Romania,ROU,Romania,TOTAL,-Total-,TOTAL,-Total-,PWM_EX,Mean population exposure to PM2.5,2017,2017,MICRO_M3,Micrograms per cubic metre,0,Units,,,14.6146,,
Russia,Russia,RUS,Russia,TOTAL,-Total-,TOTAL,-Total-,PWM_EX,Mean population exposure to PM2.5,2017,2017,MICRO_M3,Micrograms per cubic metre,0,Units,,,16.17072,,
Rwanda,Rwanda,RWA,Rwanda,TOTAL,-Total-,TOTAL,-Total-,PWM_EX,Mean population exposure to PM2.5,2017,2017,MICRO_M3,Micrograms per cubic metre,0,Units,,,43.27236,,
Saint Lucia,Saint Lucia,LCA,Saint Lucia,TOTAL,-Total-,TOTAL,-Total-,PWM_EX,Mean population exposure to PM2.5,2017,2017,MICRO_M3,Micrograms per cubic metre,0,Units,,,22.30962,,
Saint Vincent and the Grenadines,Saint Vincent and the Grenadines,VCT,Saint Vincent and the Grenadines,TOTAL,-Total-,TOTAL,-Total-,PWM_EX,Mean population exposure to PM2.5,2017,2017,MICRO_M3,Micrograms per cubic metre,0,Units,,,22.75627,,
Samoa,Samoa,WSM,Samoa,TOTAL,-Total-,TOTAL,-Total-,PWM_EX,Mean population exposure to PM2.5,2017,2017,MICRO_M3,Micrograms per cubic metre,0,Units,,,11.7098,,
San Marino,San Marino,SMR,San Marino,TOTAL,-Total-,TOTAL,-Total-,PWM_EX,Mean population exposure to PM2.5,2017,2017,MICRO_M3,Micrograms per cubic metre,0,Units,,,14.3671,,
Sao Tome and Principe,Sao Tome and Principe,STP,Sao Tome and Principe,TOTAL,-Total-,TOTAL,-Total-,PWM_EX,Mean population exposure to PM2.5,2017,2017,MICRO_M3,Micrograms per cubic metre,0,Units,,,28.38286,,
Saudi Arabia,Saudi Arabia,SAU,Saudi Arabia,TOTAL,-Total-,TOTAL,-Total-,PWM_EX,Mean population exposure to PM2.5,2017,2017,MICRO_M3,Micrograms per cubic metre,0,Units,,,92.36789,,
Senegal,Senegal,SEN,Senegal,TOTAL,-Total-,TOTAL,-Total-,PWM_EX,Mean population exposure to PM2.5,2017,2017,MICRO_M3,Micrograms per cubic metre,0,Units,,,40.68125,,
Seychelles,Seychelles,SYC,Seychelles,TOTAL,-Total-,TOTAL,-Total-,PWM_EX,Mean population exposure to PM2.5,2017,2017,MICRO_M3,Micrograms per cubic metre,0,Units,,,20.41034,,
Sierra Leone,Sierra Leone,SLE,Sierra Leone,TOTAL,-Total-,TOTAL,-Total-,PWM_EX,Mean population exposure to PM2.5,2017,2017,MICRO_M3,Micrograms per cubic metre,0,Units,,,21.44909,,
Singapore,Singapore,SGP,Singapore,TOTAL,-Total-,TOTAL,-Total-,PWM_EX,Mean population exposure to PM2.5,2017,2017,MICRO_M3,Micrograms per cubic metre,0,Units,,,19.72147,,
Slovenia,Slovenia,SVN,Slovenia,TOTAL,-Total-,TOTAL,-Total-,PWM_EX,Mean population exposure to PM2.5,2017,2017,MICRO_M3,Micrograms per cubic metre,0,Units,,,16.25411,,
Solomon Islands,Solomon Islands,SLB,Solomon Islands,TOTAL,-Total-,TOTAL,-Total-,PWM_EX,Mean population exposure to PM2.5,2017,2017,MICRO_M3,Micrograms per cubic metre,0,Units,,,11.565,,
Somalia,Somalia,SOM,Somalia,TOTAL,-Total-,TOTAL,-Total-,PWM_EX,Mean population exposure to PM2.5,2017,2017,MICRO_M3,Micrograms per cubic metre,0,Units,,,32.31047,,
South Africa,South Africa,ZAF,South Africa,TOTAL,-Total-,TOTAL,-Total-,PWM_EX,Mean population exposure to PM2.5,2017,2017,MICRO_M3,Micrograms per cubic metre,0,Units,,,24.95864,,
Sri Lanka,Sri Lanka,LKA,Sri Lanka,TOTAL,-Total-,TOTAL,-Total-,PWM_EX,Mean population exposure to PM2.5,2017,2017,MICRO_M3,Micrograms per cubic metre,0,Units,,,11.34552,,
Sudan,Sudan,SDN,Sudan,TOTAL,-Total-,TOTAL,-Total-,PWM_EX,Mean population exposure to PM2.5,2017,2017,MICRO_M3,Micrograms per cubic metre,0,Units,,,56.99521,,
Suriname,Suriname,SUR,Suriname,TOTAL,-Total-,TOTAL,-Total-,PWM_EX,Mean population exposure to PM2.5,2017,2017,MICRO_M3,Micrograms per cubic metre,0,Units,,,25.75323,,
Eswatini,Eswatini,SWZ,Eswatini,TOTAL,-Total-,TOTAL,-Total-,PWM_EX,Mean population exposure to PM2.5,2017,2017,MICRO_M3,Micrograms per cubic metre,0,Units,,,17.19315,,
Syrian Arab Republic,Syrian Arab Republic,SYR,Syrian Arab Republic,TOTAL,-Total-,TOTAL,-Total-,PWM_EX,Mean population exposure to PM2.5,2017,2017,MICRO_M3,Micrograms per cubic metre,0,Units,,,44.24641,,
Tajikistan,Tajikistan,TJK,Tajikistan,TOTAL,-Total-,TOTAL,-Total-,PWM_EX,Mean population exposure to PM2.5,2017,2017,MICRO_M3,Micrograms per cubic metre,0,Units,,,46.97231,,
Tanzania,Tanzania,TZA,Tanzania,TOTAL,-Total-,TOTAL,-Total-,PWM_EX,Mean population exposure to PM2.5,2017,2017,MICRO_M3,Micrograms per cubic metre,0,Units,,,28.336,,
Thailand,Thailand,THA,Thailand,TOTAL,-Total-,TOTAL,-Total-,PWM_EX,Mean population exposure to PM2.5,2017,2017,MICRO_M3,Micrograms per cubic metre,0,Units,,,26.33683,,
Timor-Leste,Timor-Leste,TLS,Timor-Leste,TOTAL,-Total-,TOTAL,-Total-,PWM_EX,Mean population exposure to PM2.5,2017,2017,MICRO_M3,Micrograms per cubic metre,0,Units,,,20.32858,,
Togo,Togo,TGO,Togo,TOTAL,-Total-,TOTAL,-Total-,PWM_EX,Mean population exposure to PM2.5,2017,2017,MICRO_M3,Micrograms per cubic metre,0,Units,,,37.13062,,
Tonga,Tonga,TON,Tonga,TOTAL,-Total-,TOTAL,-Total-,PWM_EX,Mean population exposure to PM2.5,2017,2017,MICRO_M3,Micrograms per cubic metre,0,Units,,,10.5421,,
Trinidad and Tobago,Trinidad and Tobago,TTO,Trinidad and Tobago,TOTAL,-Total-,TOTAL,-Total-,PWM_EX,Mean population exposure to PM2.5,2017,2017,MICRO_M3,Micrograms per cubic metre,0,Units,,,24.1692,,
Tunisia,Tunisia,TUN,Tunisia,TOTAL,-Total-,TOTAL,-Total-,PWM_EX,Mean population exposure to PM2.5,2017,2017,MICRO_M3,Micrograms per cubic metre,0,Units,,,38.15849,,
Turkmenistan,Turkmenistan,TKM,Turkmenistan,TOTAL,-Total-,TOTAL,-Total-,PWM_EX,Mean population exposure to PM2.5,2017,2017,MICRO_M3,Micrograms per cubic metre,0,Units,,,22.64587,,
Uganda,Uganda,UGA,Uganda,TOTAL,-Total-,TOTAL,-Total-,PWM_EX,Mean population exposure to PM2.5,2017,2017,MICRO_M3,Micrograms per cubic metre,0,Units,,,50.53365,,
Ukraine,Ukraine,UKR,Ukraine,TOTAL,-Total-,TOTAL,-Total-,PWM_EX,Mean population exposure to PM2.5,2017,2017,MICRO_M3,Micrograms per cubic metre,0,Units,,,20.69818,,
United Arab Emirates,United Arab Emirates,ARE,United Arab Emirates,TOTAL,-Total-,TOTAL,-Total-,PWM_EX,Mean population exposure to PM2.5,2017,2017,MICRO_M3,Micrograms per cubic metre,0,Units,,,40.64907,,
Uruguay,Uruguay,URY,Uruguay,TOTAL,-Total-,TOTAL,-Total-,PWM_EX,Mean population exposure to PM2.5,2017,2017,MICRO_M3,Micrograms per cubic metre,0,Units,,,9.07625,,
Uzbekistan,Uzbekistan,UZB,Uzbekistan,TOTAL,-Total-,TOTAL,-Total-,PWM_EX,Mean population exposure to PM2.5,2017,2017,MICRO_M3,Micrograms per cubic metre,0,Units,,,31.45703,,
Vanuatu,Vanuatu,VUT,Vanuatu,TOTAL,-Total-,TOTAL,-Total-,PWM_EX,Mean population exposure to PM2.5,2017,2017,MICRO_M3,Micrograms per cubic metre,0,Units,,,11.49806,,
Venezuela,Venezuela,VEN,Venezuela,TOTAL,-Total-,TOTAL,-Total-,PWM_EX,Mean population exposure to PM2.5,2017,2017,MICRO_M3,Micrograms per cubic metre,0,Units,,,17.39899,,
Viet Nam,Viet Nam,VNM,Viet Nam,TOTAL,-Total-,TOTAL,-Total-,PWM_EX,Mean population exposure to PM2.5,2017,2017,MICRO_M3,Micrograms per cubic metre,0,Units,,,30.3312,,
Yemen,Yemen,YEM,Yemen,TOTAL,-Total-,TOTAL,-Total-,PWM_EX,Mean population exposure to PM2.5,2017,2017,MICRO_M3,Micrograms per cubic metre,0,Units,,,51.63549,,
Zambia,Zambia,ZMB,Zambia,TOTAL,-Total-,TOTAL,-Total-,PWM_EX,Mean population exposure to PM2.5,2017,2017,MICRO_M3,Micrograms per cubic metre,0,Units,,,27.74442,,
Zimbabwe,Zimbabwe,ZWE,Zimbabwe,TOTAL,-Total-,TOTAL,-Total-,PWM_EX,Mean population exposure to PM2.5,2017,2017,MICRO_M3,Micrograms per cubic metre,0,Units,,,21.82037,,
World,World,WLD,World,TOTAL,-Total-,TOTAL,-Total-,PWM_EX,Mean population exposure to PM2.5,2017,2017,MICRO_M3,Micrograms per cubic metre,0,Units,,,44.17191,,
ASEAN,ASEAN,ASEAN,ASEAN,TOTAL,-Total-,TOTAL,-Total-,PWM_EX,Mean population exposure to PM2.5,2017,2017,MICRO_M3,Micrograms per cubic metre,0,Units,,,22.10784,,
Serbia,Serbia,SRB,Serbia,TOTAL,-Total-,TOTAL,-Total-,PWM_EX,Mean population exposure to PM2.5,2017,2017,MICRO_M3,Micrograms per cubic metre,0,Units,,,25.05095,,
Montenegro,Montenegro,MNE,Montenegro,TOTAL,-Total-,TOTAL,-Total-,PWM_EX,Mean population exposure to PM2.5,2017,2017,MICRO_M3,Micrograms per cubic metre,0,Units,,,22.29501,,
G20,G20,G20,G20,TOTAL,-Total-,TOTAL,-Total-,PWM_EX,Mean population exposure to PM2.5,2017,2017,MICRO_M3,Micrograms per cubic metre,0,Units,,,45.45777,,
"BRIICS economies - Brazil, Russia, India, Indonesia, China and South Africa","BRIICS economies - Brazil, Russia, India, Indonesia, China and South Africa",BRIICS,"BRIICS economies - Brazil, Russia, India, Indonesia, China and South Africa",TOTAL,-Total-,TOTAL,-Total-,PWM_EX,Mean population exposure to PM2.5,2017,2017,MICRO_M3,Micrograms per cubic metre,0,Units,,,59.33351,,
European Union (28 countries),European Union (28 countries),EU28,European Union (28 countries),TOTAL,-Total-,TOTAL,-Total-,PWM_EX,Mean population exposure to PM2.5,2017,2017,MICRO_M3,Micrograms per cubic metre,0,Units,,,13.09302,,
OECD - Total,OECD - Total,OECD,OECD - Total,TOTAL,-Total-,TOTAL,-Total-,PWM_EX,Mean population exposure to PM2.5,2017,2017,MICRO_M3,Micrograms per cubic metre,0,Units,,,12.50047,,
Latin America and Caribbean,Latin America and Caribbean,LAC,Latin America and Caribbean,TOTAL,-Total-,TOTAL,-Total-,PWM_EX,Mean population exposure to PM2.5,2017,2017,MICRO_M3,Micrograms per cubic metre,0,Units,,,17.07659,,
Iran,Iran,MENA,Middle East and North Africa,TOTAL,-Total-,TOTAL,-Total-,PWM_EX,Mean population exposure to PM2.5,2017,2017,MICRO_M3,Micrograms per cubic metre,0,Units,,,48.95,,
South Sudan ,South Sudan ,SSD,South Sudan ,TOTAL,-Total-,TOTAL,-Total-,PWM_EX,Mean population exposure to PM2.5,2017,2017,MICRO_M3,Micrograms per cubic metre,0,Units,,,46.83591,,
China,China,CHN,China (People's Republic of),TOTAL,-Total-,TOTAL,-Total-,PWM_EX,Mean population exposure to PM2.5,2017,2017,MICRO_M3,Micrograms per cubic metre,0,Units,,,53.45372,,
Anhui,Ch-Anhui,CHN,China (People's Republic of),898,Anhui Sheng,TOTAL,-Total-,PWM_EX,Mean population exposure to PM2.5,2017,2017,MICRO_M3,Micrograms per cubic metre,0,Units,,,57.40666,,
Fujian,Ch-Fujian,CHN,China (People's Republic of),901,Fujian Sheng,TOTAL,-Total-,PWM_EX,Mean population exposure to PM2.5,2017,2017,MICRO_M3,Micrograms per cubic metre,0,Units,,,28.8534,,
Gansu,Ch-Gansu,CHN,China (People's Republic of),902,Gansu Sheng,TOTAL,-Total-,PWM_EX,Mean population exposure to PM2.5,2017,2017,MICRO_M3,Micrograms per cubic metre,0,Units,,,41.78697,,
Guangdong,Ch-Guangdong,CHN,China (People's Republic of),903,Guangdong Sheng,TOTAL,-Total-,PWM_EX,Mean population exposure to PM2.5,2017,2017,MICRO_M3,Micrograms per cubic metre,0,Units,,,34.46589,,
Guangxi,Ch-Guangxi,CHN,China (People's Republic of),904,Guangxi Zhuangzu Zizhiqu,TOTAL,-Total-,PWM_EX,Mean population exposure to PM2.5,2017,2017,MICRO_M3,Micrograms per cubic metre,0,Units,,,38.47877,,
Guizhou,Ch-Guizhou,CHN,China (People's Republic of),905,Guizhou Sheng,TOTAL,-Total-,PWM_EX,Mean population exposure to PM2.5,2017,2017,MICRO_M3,Micrograms per cubic metre,0,Units,,,34.95721,,
Hainan,Ch-Hainan,CHN,China (People's Republic of),906,Hainan Sheng,TOTAL,-Total-,PWM_EX,Mean population exposure to PM2.5,2017,2017,MICRO_M3,Micrograms per cubic metre,0,Units,,,18.75793,,
Hebei,Ch-Hebei,CHN,China (People's Republic of),907,Hebei Sheng,TOTAL,-Total-,PWM_EX,Mean population exposure to PM2.5,2017,2017,MICRO_M3,Micrograms per cubic metre,0,Units,,,82.85877,,
Heilongjiang,Ch-Heilongjiang,CHN,China (People's Republic of),908,Heilongjiang Sheng,TOTAL,-Total-,PWM_EX,Mean population exposure to PM2.5,2017,2017,MICRO_M3,Micrograms per cubic metre,0,Units,,,41.35113,,
Henan,Ch-Henan,CHN,China (People's Republic of),909,Henan Sheng,TOTAL,-Total-,PWM_EX,Mean population exposure to PM2.5,2017,2017,MICRO_M3,Micrograms per cubic metre,0,Units,,,75.38951,,
Hubei,Ch-Hubei,CHN,China (People's Republic of),911,Hubei Sheng,TOTAL,-Total-,PWM_EX,Mean population exposure to PM2.5,2017,2017,MICRO_M3,Micrograms per cubic metre,0,Units,,,59.2547,,
Hunan,Ch-Hunan,CHN,China (People's Republic of),912,Hunan Sheng,TOTAL,-Total-,PWM_EX,Mean population exposure to PM2.5,2017,2017,MICRO_M3,Micrograms per cubic metre,0,Units,,,48.63594,,
Jiangsu,Ch-Jiangsu,CHN,China (People's Republic of),913,Jiangsu Sheng,TOTAL,-Total-,PWM_EX,Mean population exposure to PM2.5,2017,2017,MICRO_M3,Micrograms per cubic metre,0,Units,,,60.37365,,
Jiangxi,Ch-Jiangxi,CHN,China (People's Republic of),914,Jiangxi Sheng,TOTAL,-Total-,PWM_EX,Mean population exposure to PM2.5,2017,2017,MICRO_M3,Micrograms per cubic metre,0,Units,,,40.19678,,
Jilin,Ch-Jilin,CHN,China (People's Republic of),915,Jilin Sheng,TOTAL,-Total-,PWM_EX,Mean population exposure to PM2.5,2017,2017,MICRO_M3,Micrograms per cubic metre,0,Units,,,48.1257,,
Liaoning,Ch-Liaoning,CHN,China (People's Republic of),916,Liaoning Sheng,TOTAL,-Total-,PWM_EX,Mean population exposure to PM2.5,2017,2017,MICRO_M3,Micrograms per cubic metre,0,Units,,,52.71976,,
Inner Mongolia,Ch-Inner Mongolia,CHN,China (People's Republic of),917,Nei Mongol Zizhiqu,TOTAL,-Total-,PWM_EX,Mean population exposure to PM2.5,2017,2017,MICRO_M3,Micrograms per cubic metre,0,Units,,,36.77846,,
Ningxia,Ch-Ningxia,CHN,China (People's Republic of),918,Ningxia Huizu Zizhiqu,TOTAL,-Total-,PWM_EX,Mean population exposure to PM2.5,2017,2017,MICRO_M3,Micrograms per cubic metre,0,Units,,,47.06996,,
Qinghai,Ch-Qinghai,CHN,China (People's Republic of),919,Qinghai Sheng,TOTAL,-Total-,PWM_EX,Mean population exposure to PM2.5,2017,2017,MICRO_M3,Micrograms per cubic metre,0,Units,,,43.70459,,
Shaanxi,Ch-Shaanxi,CHN,China (People's Republic of),920,Shaanxi Sheng,TOTAL,-Total-,PWM_EX,Mean population exposure to PM2.5,2017,2017,MICRO_M3,Micrograms per cubic metre,0,Units,,,56.08948,,
Shandong,Ch-Shandong,CHN,China (People's Republic of),921,Shandong Sheng,TOTAL,-Total-,PWM_EX,Mean population exposure to PM2.5,2017,2017,MICRO_M3,Micrograms per cubic metre,0,Units,,,70.39007,,
Shanghai,Ch-Shanghai,CHN,China (People's Republic of),922,Shanghai Shi,TOTAL,-Total-,PWM_EX,Mean population exposure to PM2.5,2017,2017,MICRO_M3,Micrograms per cubic metre,0,Units,,,54.22928,,
Shanxi,Ch-Shanxi,CHN,China (People's Republic of),923,Shanxi Sheng,TOTAL,-Total-,PWM_EX,Mean population exposure to PM2.5,2017,2017,MICRO_M3,Micrograms per cubic metre,0,Units,,,56.88711,,
Sichuan,Ch-Sichuan,CHN,China (People's Republic of),924,Sichuan Sheng,TOTAL,-Total-,PWM_EX,Mean population exposure to PM2.5,2017,2017,MICRO_M3,Micrograms per cubic metre,0,Units,,,48.44863,,
Xinjiang,Ch-Xinjiang,CHN,China (People's Republic of),927,Xinjiang Uygur Zizhiqu,TOTAL,-Total-,PWM_EX,Mean population exposure to PM2.5,2017,2017,MICRO_M3,Micrograms per cubic metre,0,Units,,,64.096,,
Xizang,Ch-Xizang,CHN,China (People's Republic of),928,Xizang Zizhiqu,TOTAL,-Total-,PWM_EX,Mean population exposure to PM2.5,2017,2017,MICRO_M3,Micrograms per cubic metre,0,Units,,,22.64889,,
Yunnan,Ch-Yunnan,CHN,China (People's Republic of),929,Yunnan Sheng,TOTAL,-Total-,PWM_EX,Mean population exposure to PM2.5,2017,2017,MICRO_M3,Micrograms per cubic metre,0,Units,,,27.66366,,
Zhejiang,Ch-Zhejiang,CHN,China (People's Republic of),930,Zhejiang Sheng,TOTAL,-Total-,PWM_EX,Mean population exposure to PM2.5,2017,2017,MICRO_M3,Micrograms per cubic metre,0,Units,,,44.76677,,
Hong Kong,Hong Kong,CHN,China (People's Republic of),TOTAL,-Total-,TOTAL,-Total-,PWM_EX,Mean population exposure to PM2.5,2017,2017,MICRO_M3,Micrograms per cubic metre,0,Units,,,53.45372,,
Beijing,Ch-Beijing,CHN,China (People's Republic of),907,Hebei Sheng,TOTAL,-Total-,PWM_EX,Mean population exposure to PM2.5,2017,2017,MICRO_M3,Micrograms per cubic metre,0,Units,,,82.85877,,
Tianjin,Ch-Tianjin,CHN,China (People's Republic of),907,Hebei Sheng,TOTAL,-Total-,PWM_EX,Mean population exposure to PM2.5,2017,2017,MICRO_M3,Micrograms per cubic metre,0,Units,,,82.85877,,
Chongqing,Ch-Chongqing,CHN,China (People's Republic of),907,Hebei Sheng,TOTAL,-Total-,PWM_EX,Mean population exposure to PM2.5,2017,2017,MICRO_M3,Micrograms per cubic metre,0,Units,,,47.55351333,,
-Total-,Total,BRIICS,"BRIICS economies - Brazil, Russia, India, Indonesia, China and South Africa",TOTAL,-Total-,TOTAL,-Total-,PWM_EX,Mean population exposure to PM2.5,2017,2017,MICRO_M3,Micrograms per cubic metre,0,Units,,,59.33351,,